{
  "('GCN', 'Cora', 'PI')": [
    0.9203360110035322,
    0.923933042642288,
    0.916288900330898,
    0.9284806412005948,
    0.9238466274677831,
    0.9269755769113056,
    0.9229176643418585,
    0.9153851416308703,
    0.9114748549845354,
    0.9232021142912695,
    0.9155363681862535,
    0.9174879108771499,
    0.9147622322479828,
    0.9111615999769559,
    0.9133507843977402,
    0.9197779130015229,
    0.9207608856115134,
    0.9191910099413456,
    0.9190433840182337,
    0.9239150394809328,
    0.9201199730672707,
    0.9274868666937913,
    0.917613933006636,
    0.9265867086260348,
    0.9216142354597467,
    0.9216214367242888,
    0.9338167782262565,
    0.930655423092295,
    0.9193098308062896,
    0.9243651185148112,
    0.9203756179585135,
    0.917631936167991,
    0.9260322112562965,
    0.9191406010895513,
    0.9194754598907566,
    0.9220859182872512,
    0.920037158525037,
    0.9217330563246906,
    0.9229608719291107,
    0.9219562955254943,
    0.9261402302244274,
    0.9128935040993199,
    0.9227988434769147,
    0.916555347118954,
    0.9081802764565459,
    0.9161160699818889,
    0.9268387528850066,
    0.9212109646453919,
    0.9203648160617004,
    0.9260718182112778
  ],
  "('GCN', 'Cora', 'noPi')": [
    0.9172430678827201,
    0.924343514721185,
    0.9179523924401124,
    0.9211425526322421,
    0.9117521036694043,
    0.9257765663650537,
    0.9181036189954955,
    0.9199543439828033,
    0.9155615726121505,
    0.9294852176042111,
    0.9190613871795887,
    0.9092568655055827,
    0.9223955726625596,
    0.9222443461071764,
    0.9157992143420384,
    0.9227376327283072,
    0.9252868803761941,
    0.9214594082720926,
    0.9162348908468327,
    0.9079354334621159,
    0.9240518635072318,
    0.920836498889205,
    0.9168956068685661,
    0.9259710005076891,
    0.9246279646705962,
    0.9202279920354015,
    0.9237134040737555,
    0.9314943704114442,
    0.9224891891016063,
    0.9269215674272402,
    0.9238250236741572,
    0.9106179045040308,
    0.9198751300728408,
    0.9236377907960637,
    0.9208761058441863,
    0.9152807232950105,
    0.9232129161880828,
    0.9208617033151021,
    0.9239294420100169,
    0.9207032754951769,
    0.9181108202600378,
    0.9161664788336833,
    0.9214774114334476,
    0.9165013376348886,
    0.9193494377612708,
    0.9187229277461123,
    0.9277857191722866,
    0.9239942533908955,
    0.9271376053635019,
    0.9209265146959806
  ],
  "('GAT', 'Cora', 'PI')": [
    0.9288875126472208,
    0.9308066496476781,
    0.9285346506846602,
    0.9263418656316048,
    0.9309650774676034,
    0.9217978677055692,
    0.9267811427686702,
    0.9262482491925582,
    0.9300505168707625,
    0.9220427106999989,
    0.9166093566030196,
    0.9247971943873344,
    0.9167389793647764,
    0.9267847434009414,
    0.9248584051359419,
    0.9273356401384083,
    0.925160858246708,
    0.921931091099597,
    0.9297912713472486,
    0.9254381069315771,
    0.927818124862726,
    0.929319588519744,
    0.9298128751408747,
    0.9226836232442417,
    0.9238322249386991,
    0.9243867223084373,
    0.9239870521263533,
    0.9186833207911308,
    0.92744725973881,
    0.9310370901130238,
    0.9230796927940547,
    0.9247359836387269,
    0.9298992903153794,
    0.9249232165168203,
    0.9202207907708593,
    0.928635468388249,
    0.9265615042001374,
    0.9235945832088113,
    0.9278541311854362,
    0.928239398838436,
    0.9206060584238593,
    0.9287290848272955,
    0.9303241649233605,
    0.9223703682366623,
    0.9206204609529434,
    0.9202657986742472,
    0.9266263155810159,
    0.9233245357884845,
    0.9250528392785773,
    0.9249664241040727
  ],
  "('GAT', 'Cora', 'noPi')": [
    0.9213225842457936,
    0.9293699973715385,
    0.9275984862941932,
    0.9214198013171113,
    0.918017203820991,
    0.9229230652902649,
    0.9214414051107374,
    0.9235837813119985,
    0.9222083397844661,
    0.9219022860414289,
    0.9163141047567953,
    0.9163609129763186,
    0.9201199730672708,
    0.9263886738511284,
    0.9204044230166818,
    0.9234865642406807,
    0.9229248656064004,
    0.9221399277713166,
    0.9258593809072873,
    0.9207500837147004,
    0.9203360110035321,
    0.9236881996478583,
    0.9240230584490636,
    0.9116728897594418,
    0.9161088687173468,
    0.915053883461936,
    0.9208040931987657,
    0.9202459951967565,
    0.9256289404419416,
    0.9290999499512114,
    0.9142869487882072,
    0.9200947686413735,
    0.9212937791876255,
    0.9253408898602595,
    0.9176823450197855,
    0.9148702512161135,
    0.9184852860162244,
    0.9218338740282794,
    0.9265038940838011,
    0.9281385811348473,
    0.9112408138869186,
    0.9232957307303163,
    0.9229356675032137,
    0.920991326076859,
    0.9145894018989734,
    0.9161556769368702,
    0.9220283081709149,
    0.9172106621922809,
    0.9229248656064004,
    0.9234433566534284
  ],
  "('SAGE', 'Cora', 'PI')": [
    0.8913905281767478,
    0.8909800560978507,
    0.8901339075141596,
    0.898397358576166,
    0.8832891055669374,
    0.8844719132679699,
    0.8923446957285699,
    0.8842792794414699,
    0.8964854228402507,
    0.890472366947636,
    0.8776469147982386,
    0.8979292763809326,
    0.8746259843228472,
    0.8803401877369667,
    0.8908504333360937,
    0.8994775482574741,
    0.8798541023803781,
    0.8833431150510029,
    0.8906271941352901,
    0.9027001141400429,
    0.8971191341199515,
    0.8959813343223069,
    0.8923482963608411,
    0.8940009865732423,
    0.8971191341199515,
    0.8816724216772466,
    0.8921250571600372,
    0.8981309117881099,
    0.9014218896838284,
    0.8783454374588179,
    0.8893273658854495,
    0.8665281623453077,
    0.8988438369777734,
    0.8806102351572936,
    0.8847617641657876,
    0.8829614480302741,
    0.8968598885964376,
    0.8936625271397657,
    0.8910556693755424,
    0.8769303889763043,
    0.8994847495220161,
    0.8928559855110557,
    0.8898062499774959,
    0.9031789982320896,
    0.8831990897601618,
    0.8862668284550768,
    0.8971191341199515,
    0.8796380644441164,
    0.889529001292627,
    0.8872966092845904
  ],
  "('SAGE', 'Cora', 'noPi')": [
    0.890072696765552,
    0.8964026082980171,
    0.8859535734474974,
    0.8907532162647761,
    0.8897054322739074,
    0.884304483867367,
    0.900287690518455,
    0.8874478358399736,
    0.8846753489912829,
    0.9003993101188569,
    0.8895758095121503,
    0.8899070676810846,
    0.8851470318187875,
    0.897331571423942,
    0.8830370613079657,
    0.8952828116617279,
    0.8878583079188704,
    0.8879555249901885,
    0.8909368485105984,
    0.8922618811863362,
    0.8916929812875141,
    0.9079570372557421,
    0.8922510792895232,
    0.8962297779490078,
    0.8884956198308422,
    0.8949515534927932,
    0.8933132658094761,
    0.8986350003060537,
    0.8973297711078067,
    0.8876710750407772,
    0.8805742288345834,
    0.8843999006225494,
    0.8974611941856989,
    0.893032416492336,
    0.8881463585005527,
    0.8809720987005318,
    0.8969246999773159,
    0.8828462277976012,
    0.8940765998509338,
    0.8790187556934997,
    0.8802717757238172,
    0.900125662066259,
    0.8978500624709698,
    0.8924275102708035,
    0.8855467020008714,
    0.8790367588548548,
    0.8972379549848953,
    0.8851578337156003,
    0.8899610771651503,
    0.8858743595375347
  ],