{
  "Photo": {
    "mean": 0.9999992251396179,
    "std": 3.60703379556071e-05,
    "min": 0.9971765279769897,
    "max": 1.0,
    "n_edges": 11908
  },
  "Chameleon": {
    "mean": 0.9999969005584717,
    "std": 6.619061605306342e-05,
    "min": 0.9978576302528381,
    "max": 1.0,
    "n_edges": 3142
  },
  "Texas": {
    "mean": 0.9998933672904968,
    "std": 0.000564668036531657,
    "min": 0.9970120191574097,
    "max": 1.0,
    "n_edges": 28
  },
  "ChChMiner": {
    "mean": 0.9995666742324829,
    "std": 0.00991725828498602,
    "min": 0.5961167216300964,
    "max": 1.0,
    "n_edges": 4850
  }
}