{
  "meta": {
    "Cora": {
      "exact_cache": "data/TLCGNN/Cora.npy",
      "exact_dim": 25,
      "b_cache": "data/HKS_MULTI_TLCGNN_0.1x1x10/Cora.npy",
      "b_dim": 75,
      "expected_total": 28508
    },
    "Chameleon": {
      "exact_cache": "data/TLCGNN/Chameleon.npy",
      "exact_dim": 25,
      "b_cache": "data/HKS_MULTI_TLCGNN_0.1x1x10/Chameleon.npy",
      "b_dim": 75,
      "expected_total": 169674
    }
  },
  "scores": {
    "Cora|no-PI": [
      0.9168614008619914,
      0.9253192860666333,
      0.9167821869520287,
      0.9094404977514051,
      0.9143985683886091,
      0.9262158435021188,
      0.9110535810088252,
      0.9104306716259375,
      0.9196734946656633,
      0.9137252501539269,
      0.9173726906444771,
      0.9159468402651506,
      0.9265795073614927,
      0.9339752060461817,
      0.9073791357762423,
      0.9229248656064006,
      0.9133795894559086,
      0.9182188392281685,
      0.9178407728397107,
      0.925538924635166,
      0.919482661155299,
      0.9079966442107235,
      0.9208004925664947,
      0.920159580022252,
      0.9117737074630305,
      0.9054077896078551,
      0.923004079516363,
      0.9177399551361219,
      0.9230004788840921,
      0.9212217665422048,
      0.9185104904421215,
      0.9173402849540379,
      0.9239834514940825,
      0.9264570858642778,
      0.9126306579435348,
      0.9192846263803924,
      0.9184672828548694,
      0.9190757897086728,
      0.9167065736743372,
      0.9180172038209908,
      0.9165193407962436,
      0.9129025056799973,
      0.9149026569065528,
      0.9214882133302608,
      0.9240662660363159,
      0.9177687601942901,
      0.9174122975994585,
      0.9184060721062618,
      0.9118205156825538,
      0.9147946379384221
    ],
    "Cora|exact-PI": [
      0.919363840290355,
      0.9252328708921286,
      0.9194790605230279,
      0.9197059003561026,
      0.9228924599159611,
      0.9247395842709979,
      0.9135092122176653,
      0.9169082090815147,
      0.9241598824753627,
      0.9124542269622544,
      0.9208184957278498,
      0.9227520352573911,
      0.9158316200324778,
      0.9249088139877362,
      0.922726830831494,
      0.9088463934266856,
      0.918157628479561,
      0.9265326991419693,
      0.9192126137349719,
      0.9189461669469159,
      0.9208184957278498,
      0.9241922881658019,
      0.9145101879890108,
      0.9240914704622132,
      0.9206492660111115,
      0.913869275444768,
      0.9260214093594835,
      0.9279837539471931,
      0.9257405600423434,
      0.9156803934770946,
      0.9171782565018417,
      0.915331132146805,
      0.920721278656532,
      0.9176787443875143,
      0.9259313935527079,
      0.919160404567042,
      0.9183160562994862,
      0.920177583183607,
      0.9231661079685595,
      0.9254993176801845,
      0.9203324103712611,
      0.9255245221060818,
      0.9275228730165016,
      0.911568471423582,
      0.9166381616611877,
      0.9141267206521464,
      0.9222839530621577,
      0.9276668983073427,
      0.9253336885957174,
      0.9300289130771363
    ],
    "Cora|B-hks-multi": [
      0.9257549625714276,
      0.9250780437044746,
      0.914809040467506,
      0.9287074810336696,
      0.9149782701842444,
      0.9217078518987935,
      0.9262518498248292,
      0.9161880826273092,
      0.9273644451965766,
      0.9298128751408746,
      0.9277569141141185,
      0.921650241782457,
      0.9248980120909231,
      0.9225251954243165,
      0.9179956000273647,
      0.9219562955254942,
      0.9209877254445881,
      0.9114244461327409,
      0.916274497801814,
      0.9270691933503524,
      0.9240986717267552,
      0.9217438582215037,
      0.92355497625383,
      0.9265362997742403,
      0.922035509435457,
      0.9259169910236239,
      0.925690151190549,
      0.9222875536944286,
      0.9266083124196608,
      0.9226476169215314,
      0.9267307339168758,
      0.9223523650753072,
      0.913051931919245,
      0.9236629952219608,
      0.92043322807485,
      0.9307994483831361,
      0.9176607412261594,
      0.9246495684642223,
      0.9223091574880549,
      0.9231192997490358,
      0.9251644588789792,
      0.9189677707405421,
      0.9162636959050009,
      0.9228096453737277,
      0.9196194851815978,
      0.9249268171490913,
      0.9195906801234297,
      0.9258881859654554,
      0.9245523513929046,
      0.917901983588318
    ],
    "Chameleon|no-PI": [
      0.9680842011943886,
      0.9635795150890929,
      0.9651201094309212,
      0.9673909388053116,
      0.9603162487981358,
      0.9625092836788367,
      0.9613094454265549,
      0.9642856419322043,
      0.9662038637121507,
      0.9671933124287644,
      0.9622495635202171,
      0.9682402460088791,
      0.9743755269867881,
      0.9621439129252716,
      0.9778912708500386,
      0.9679025287667423,
      0.9655262513872338,
      0.9623786132402177,
      0.966776990333629,
      0.9627363362278017,
      0.9642672062579186,
      0.9650551793912661,
      0.9667437656019491,
      0.96532138242436,
      0.968863564260075,
      0.9671622655377282,
      0.9622639473979564,
      0.9815909662764921,
      0.966673770816611,
      0.9594490123948507,
      0.9631798560072544,
      0.9657469730040952,
      0.9639092300330505,
      0.9636194252850744,
      0.9615320409993188,
      0.9712868424795211,
      0.9788171570083317,
      0.9764919322653067,
      0.9625494977595591,
      0.9824837289980191,
      0.9633454225436286,
      0.9716801199817994,
      0.9646010236458794,
      0.9755277566296507,
      0.9647181205660683,
      0.9687152685064794,
      0.9658705021513012,
      0.9644114502149681,
      0.9639768443879174,
      0.9621062818648475
    ],
    "Chameleon|exact-PI": [
      0.931945721323106,
      0.9453846694605155,
      0.9468566364983403,
      0.9503924367544947,
      0.9392644307772845,
      0.9476292128048115,
      0.944275642098328,
      0.94184648877389,
      0.9425744446708948,
      0.9550241466815178,
      0.9401531417022652,
      0.9509014436956275,
      0.9476819874548276,
      0.9287717464985387,
      0.932356826730188,
      0.9481807636096807,
      0.951018945795471,
      0.9469293662463469,
      0.9490803637378796,
      0.9483364032445165,
      0.9544146551860362,
      0.9326100133668769,
      0.9490882647411449,
      0.9464363132541154,
      0.9387580068564501,
      0.9447302536708264,
      0.9454601341711909,
      0.9488058038744088,
      0.9490530647586488,
      0.9500428173600034,
      0.9421639470332948,
      0.9463209383474586,
      0.9277900468428198,
      0.9516969633000424,
      0.9471848320185927,
      0.9383224387277196,
      0.9309214778036506,
      0.9447832815581264,
      0.9449112676815338,
      0.9498539529934876,
      0.9382185607937631,
      0.9507345096779187,
      0.9398530048730955,
      0.9400667877883713,
      0.9448540867027736,
      0.9501370216297056,
      0.9387397737719917,
      0.9486195225281914,
      0.9372553981072436,
      0.944895465675003
    ],