{
  "dataset": "rabd",
  "setting": "codesign_multi_cdr (all 6 CDRs regenerated; rest of complex native)",
  "signal": "antibody-antigen INTERFACE contact-graph Vietoris-Rips PH (CA, cutoff=10.0 A)",
  "interface_cutoff": 10.0,
  "k_anchor": 3,
  "n_targets": 60,
  "n_candidates": 2400,
  "n_candidates_with_DockQ": 2382,
  "n_candidates_with_loop_control": 2400,
  "interface_if_n_mean": 63.71541666666667,
  "interface_h1_coverage_frac": 1.0,
  "DockQ_range": [
    0.465,
    0.852
  ],
  "DockQ_std_pooled": 0.056371622069235836,
  "DockQ_within_target_std_mean": 0.02704377308750869,
  "RMSD_CDRH3_within_target_std_mean": 0.293490168324314,
  "C1_interface_vs_DockQ": {
    "if_td_h1_ws": {
      "per_target_pearson": {
        "n": 60,
        "mean": -0.022134742917309227,
        "std": 0.1555566835193844,
        "median": -0.0025106429654602313,
        "frac_negative": 0.5,
        "t_stat": -1.0929789874201568,
        "p_value": 0.27884573392154927
      },
      "per_target_spearman": {
        "n": 60,
        "mean": -0.02554042050281705,
        "std": 0.14173489328410155,
        "median": -0.027024349980325282,
        "frac_negative": 0.55,
        "t_stat": -1.3841312311905833,
        "p_value": 0.17153179063392537
      },
      "within_centered_pearson": -0.007247554382384822,
      "pooled_pearson": -0.1496082300717649,
      "pooled_spearman": -0.16494335684121555
    },
    "if_td_h1_bn": {
      "per_target_pearson": {
        "n": 60,
        "mean": -0.0069506751768261925,
        "std": 0.17073754319135623,
        "median": 0.002447664458133387,
        "frac_negative": 0.48333333333333334,
        "t_stat": -0.3126971847044668,
        "p_value": 0.7556133469572084
      },
      "per_target_spearman": {
        "n": 60,
        "mean": -0.0041781193357274425,
        "std": 0.17613635953627352,
        "median": 0.032492606214929456,
        "frac_negative": 0.4,
        "t_stat": -0.1822039677338811,
        "p_value": 0.8560472544698532
      },
      "within_centered_pearson": -0.007055390438260932,
      "pooled_pearson": -0.11827967443385223,
      "pooled_spearman": -0.1108604190603979
    },
    "if_td_h0_ws": {
      "per_target_pearson": {
        "n": 60,
        "mean": -0.02189689604232359,
        "std": 0.14763264102515902,
        "median": -0.03157236006641881,
        "frac_negative": 0.55,
        "t_stat": -1.1392687197023856,
        "p_value": 0.2591955255999995
      },
      "per_target_spearman": {
        "n": 60,
        "mean": -0.026425145780910677,
        "std": 0.16521248003311093,
        "median": -0.027323124906303734,
        "frac_negative": 0.6,
        "t_stat": -1.2285718131655123,
        "p_value": 0.22411049761485102
      },
      "within_centered_pearson": -0.031151208175393175,
      "pooled_pearson": -0.07305952407879929,
      "pooled_spearman": -0.08809625161912879
    },
    "if_td_combined_ws": {
      "per_target_pearson": {
        "n": 60,
        "mean": -0.02503090956613657,
        "std": 0.13921240393310172,
        "median": -0.036508501620992694,
        "frac_negative": 0.5833333333333334,
        "t_stat": -1.381098660372295,
        "p_value": 0.1724574815388063
      },
      "per_target_spearman": {
        "n": 60,
        "mean": -0.03541787889218295,
        "std": 0.14686409997054428,
        "median": -0.05226259505444583,
        "frac_negative": 0.6,
        "t_stat": -1.8523920407082464,
        "p_value": 0.06897393866716062
      },
      "within_centered_pearson": -0.030521882195746426,
      "pooled_pearson": -0.09992512030830521,
      "pooled_spearman": -0.12175678691602485
    },
    "if_loop_total": {
      "per_target_pearson": {
        "n": 60,
        "mean": 0.009655694048239396,
        "std": 0.14998805978220314,
        "median": -0.001303327355017419,
        "frac_negative": 0.5166666666666667,
        "t_stat": 0.49448465023850213,
        "p_value": 0.6228002076375319
      },
      "per_target_spearman": {
        "n": 60,
        "mean": -0.00834179868980417,
        "std": 0.15344802828651458,
        "median": -0.0044151157897957235,
        "frac_negative": 0.5166666666666667,
        "t_stat": -0.4175652971970854,
        "p_value": 0.6777806667837747
      },
      "within_centered_pearson": -0.006219060883637611,
      "pooled_pearson": 0.12907098135225253,
      "pooled_spearman": 0.18029064760363875
    }
  },
  "C1_interface_vs_RMSD": {
    "if_td_h1_ws": {
      "per_target_pearson": {
        "n": 60,
        "mean": 0.10860364923658167,
        "std": 0.2234164801223245,
        "median": 0.11781542484523329,
        "frac_negative": 0.3333333333333333,
        "t_stat": 3.7338358301940997,
        "p_value": 0.0004267234391182514
      },
      "per_target_spearman": {
        "n": 60,
        "mean": 0.10216072545340839,
        "std": 0.21480110966762073,
        "median": 0.11341463414634148,
        "frac_negative": 0.3,
        "t_stat": 3.653200037606268,
        "p_value": 0.0005519148745978127
      },
      "within_centered_pearson": 0.11125961752456821,
      "pooled_pearson": 0.23397222335447346,
      "pooled_spearman": 0.2536623982052775
    },
    "if_td_h1_bn": {
      "per_target_pearson": {
        "n": 60,
        "mean": 0.08107977169595562,
        "std": 0.22196112780620048,
        "median": 0.07669930166389327,
        "frac_negative": 0.35,
        "t_stat": 2.8058315875215585,
        "p_value": 0.006787967423501448
      },
      "per_target_spearman": {
        "n": 60,
        "mean": 0.06377765422637091,
        "std": 0.22023673552522832,
        "median": 0.06105915025265111,
        "frac_negative": 0.43333333333333335,
        "t_stat": 2.224358513131913,
        "p_value": 0.029963208875377154
      },
      "within_centered_pearson": 0.0690297757078512,
      "pooled_pearson": 0.23022637453842962,
      "pooled_spearman": 0.19536522385126762
    },
    "if_td_h0_ws": {
      "per_target_pearson": {
        "n": 60,
        "mean": 0.033526028875210515,
        "std": 0.24632428777636087,
        "median": 0.046140341773034735,
        "frac_negative": 0.4166666666666667,
        "t_stat": 1.0454442656160063,
        "p_value": 0.30008207194700204
      },
      "per_target_spearman": {
        "n": 60,
        "mean": 0.044080675422138844,
        "std": 0.2221495390050138,
        "median": 0.040806754221388374,
        "frac_negative": 0.43333333333333335,
        "t_stat": 1.52415392846841,
        "p_value": 0.1328129332285347
      },
      "within_centered_pearson": 0.06462337358986525,
      "pooled_pearson": 0.37256980733591544,
      "pooled_spearman": 0.40168979803642324
    },
    "if_td_combined_ws": {
      "per_target_pearson": {
        "n": 60,
        "mean": 0.05620089176190717,
        "std": 0.23585873494843013,
        "median": 0.06350019968808482,
        "frac_negative": 0.36666666666666664,
        "t_stat": 1.8302787932691338,
        "p_value": 0.07226075628206859
      },
      "per_target_spearman": {
        "n": 60,
        "mean": 0.06598811757348341,
        "std": 0.2164908195644716,
        "median": 0.0650093808630394,
        "frac_negative": 0.35,
        "t_stat": 2.3412740998861166,
        "p_value": 0.02261587542349904
      },
      "within_centered_pearson": 0.08458684256851064,
      "pooled_pearson": 0.37528800835091947,
      "pooled_spearman": 0.42064035688200635
    },
    "if_loop_total": {
      "per_target_pearson": {
        "n": 60,
        "mean": -0.05280273521673292,
        "std": 0.2511312748742756,
        "median": -0.07981196824259354,
        "frac_negative": 0.6333333333333333,
        "t_stat": -1.6150338315643453,
        "p_value": 0.11163909681193211
      },
      "per_target_spearman": {
        "n": 60,
        "mean": -0.044565353345841156,
        "std": 0.24623632831788997,
        "median": -0.06894934333958727,
        "frac_negative": 0.65,
        "t_stat": -1.390180631319134,