{
  "dataset": "time_split",
  "setting": "codesign_multi_cdr (all 6 CDRs regenerated; rest of complex native)",
  "signal": "antibody-antigen INTERFACE contact-graph Vietoris-Rips PH (CA, cutoff=10.0 A)",
  "interface_cutoff": 10.0,
  "k_anchor": 3,
  "n_targets": 742,
  "n_candidates": 29680,
  "n_candidates_with_DockQ": 29393,
  "n_candidates_with_loop_control": 29680,
  "interface_if_n_mean": 55.90751347708895,
  "interface_h1_coverage_frac": 0.9981132075471698,
  "DockQ_range": [
    0.011,
    0.869
  ],
  "DockQ_std_pooled": 0.07374644003823522,
  "DockQ_within_target_std_mean": 0.027886142410866486,
  "RMSD_CDRH3_within_target_std_mean": 0.3199051663597084,
  "C1_interface_vs_DockQ": {
    "if_td_h1_ws": {
      "per_target_pearson": {
        "n": 742,
        "mean": -0.02593556748037197,
        "std": 0.1671201045871633,
        "median": -0.03208331103248488,
        "frac_negative": 0.5795148247978437,
        "t_stat": -4.224508226810836,
        "p_value": 2.693005398782481e-05
      },
      "per_target_spearman": {
        "n": 742,
        "mean": -0.029953491049839367,
        "std": 0.1717098657882771,
        "median": -0.026337347508982818,
        "frac_negative": 0.5808625336927223,
        "t_stat": -4.748553129401698,
        "p_value": 2.4598943728838783e-06
      },
      "within_centered_pearson": -0.019257996873164013,
      "pooled_pearson": 0.06753909320761921,
      "pooled_spearman": 0.02319556789247793
    },
    "if_td_h1_bn": {
      "per_target_pearson": {
        "n": 741,
        "mean": -0.008126677040711511,
        "std": 0.15958746557519013,
        "median": -0.0010355528765752596,
        "frac_negative": 0.5033738191632928,
        "t_stat": -1.3852561378158643,
        "p_value": 0.16639157503214935
      },
      "per_target_spearman": {
        "n": 739,
        "mean": -0.0073258684238596975,
        "std": 0.16349727281762436,
        "median": -0.0032563695396849827,
        "frac_negative": 0.5087956698240866,
        "t_stat": -1.2172415889169177,
        "p_value": 0.22390139670620818
      },
      "within_centered_pearson": -0.005380203951215133,
      "pooled_pearson": -0.04702157503094003,
      "pooled_spearman": -0.04497264714261281
    },
    "if_td_h0_ws": {
      "per_target_pearson": {
        "n": 742,
        "mean": -0.02599405750718421,
        "std": 0.15998577108035017,
        "median": -0.025228156715391407,
        "frac_negative": 0.5606469002695418,
        "t_stat": -4.422846027933238,
        "p_value": 1.1200947558984205e-05
      },
      "per_target_spearman": {
        "n": 742,
        "mean": -0.024370767694430365,
        "std": 0.16552624649479317,
        "median": -0.02068809027484412,
        "frac_negative": 0.5539083557951483,
        "t_stat": -4.007849888336705,
        "p_value": 6.746900369997327e-05
      },
      "within_centered_pearson": -0.024940496022014105,
      "pooled_pearson": -0.5072374737176566,
      "pooled_spearman": -0.2959158096230505
    },
    "if_td_combined_ws": {
      "per_target_pearson": {
        "n": 742,
        "mean": -0.029959927226686108,
        "std": 0.160596843943907,
        "median": -0.03132890542867254,
        "frac_negative": 0.5808625336927223,
        "t_stat": -5.078235672062187,
        "p_value": 4.824286456318014e-07
      },
      "per_target_spearman": {
        "n": 742,
        "mean": -0.029656273802147307,
        "std": 0.16629358282399498,
        "median": -0.029737355139915767,
        "frac_negative": 0.5673854447439353,
        "t_stat": -4.854563612456666,
        "p_value": 1.4720323927851085e-06
      },
      "within_centered_pearson": -0.02744412623558036,
      "pooled_pearson": -0.46100754504676184,
      "pooled_spearman": -0.27508579042836845
    },
    "if_loop_total": {
      "per_target_pearson": {
        "n": 742,
        "mean": 0.008917115143349415,
        "std": 0.16834482276912743,
        "median": 0.010657478454559405,
        "frac_negative": 0.49056603773584906,
        "t_stat": 1.4418952587882505,
        "p_value": 0.14975441636690348
      },
      "per_target_spearman": {
        "n": 742,
        "mean": 0.011156483827142107,
        "std": 0.16788778083379033,
        "median": 0.01963238025191113,
        "frac_negative": 0.4636118598382749,
        "t_stat": 1.8089116493442274,
        "p_value": 0.07086990944930571
      },
      "within_centered_pearson": 0.008343018816651959,
      "pooled_pearson": 0.32527528171054165,
      "pooled_spearman": 0.19371736041705997
    }
  },
  "C1_interface_vs_RMSD": {
    "if_td_h1_ws": {
      "per_target_pearson": {
        "n": 742,
        "mean": 0.18025344335444585,
        "std": 0.23223533444931713,
        "median": 0.19839871759586902,
        "frac_negative": 0.23045822102425875,
        "t_stat": 21.12829128711127,
        "p_value": 6.414453350898264e-78
      },
      "per_target_spearman": {
        "n": 742,
        "mean": 0.16948886390132342,
        "std": 0.2246754841595845,
        "median": 0.19183864915572235,
        "frac_negative": 0.24258760107816713,
        "t_stat": 20.53499428571255,
        "p_value": 1.5845726106532334e-74
      },
      "within_centered_pearson": 0.17046890592606345,
      "pooled_pearson": 0.19090602344425397,
      "pooled_spearman": 0.22145081569815817
    },
    "if_td_h1_bn": {
      "per_target_pearson": {
        "n": 740,
        "mean": 0.08397134106079579,
        "std": 0.20300193608400036,
        "median": 0.07595453296232396,
        "frac_negative": 0.3324324324324324,
        "t_stat": 11.244836065829189,
        "p_value": 3.432921715511872e-27
      },
      "per_target_spearman": {
        "n": 739,
        "mean": 0.0826237698338996,
        "std": 0.20182554497657512,
        "median": 0.08707074651332714,
        "frac_negative": 0.35047361299052776,
        "t_stat": 11.121338344424434,
        "p_value": 1.1355114806383582e-26
      },
      "within_centered_pearson": 0.07836782453172703,
      "pooled_pearson": 0.030999616305148858,
      "pooled_spearman": 0.01546823455135174
    },
    "if_td_h0_ws": {
      "per_target_pearson": {
        "n": 742,
        "mean": 0.10820631857859572,
        "std": 0.20586318343390003,
        "median": 0.11138654215082158,
        "frac_negative": 0.29784366576819404,
        "t_stat": 14.308135398989505,
        "p_value": 3.501380729697133e-41
      },
      "per_target_spearman": {
        "n": 742,
        "mean": 0.10738863069742041,
        "std": 0.20213194915003663,
        "median": 0.1105065666041276,
        "frac_negative": 0.3032345013477089,
        "t_stat": 14.462136119505782,
        "p_value": 6.145759120988781e-42
      },
      "within_centered_pearson": 0.12378594671744142,
      "pooled_pearson": 0.5019511478211292,
      "pooled_spearman": 0.5057665788478789
    },
    "if_td_combined_ws": {
      "per_target_pearson": {
        "n": 742,
        "mean": 0.1447836159843422,
        "std": 0.20725340506682086,
        "median": 0.15329395277114694,
        "frac_negative": 0.23180592991913745,
        "t_stat": 19.016336267172004,
        "p_value": 5.708098008802053e-66
      },
      "per_target_spearman": {
        "n": 742,
        "mean": 0.1398079830891612,
        "std": 0.2027669040451929,
        "median": 0.1427767354596623,
        "frac_negative": 0.24393530997304583,
        "t_stat": 18.769124034023456,
        "p_value": 1.3466160944548247e-64
      },
      "within_centered_pearson": 0.1516146988821338,
      "pooled_pearson": 0.5115348480754559,
      "pooled_spearman": 0.513368175328956
    },
    "if_loop_total": {
      "per_target_pearson": {
        "n": 742,
        "mean": -0.008246603770855456,
        "std": 0.22143078740620598,
        "median": -0.00974234473727904,
        "frac_negative": 0.5107816711590296,
        "t_stat": -1.013785856163273,
        "p_value": 0.31101584929663023
      },
      "per_target_spearman": {
        "n": 742,