{
  "lp": {
    "Cora|none": [
      0.9125982522530955,
      0.9232273187171667,
      0.9233245357884845,
      0.9218266727637374,
      0.9108339424402924,
      0.9250672418076614,
      0.9101786273669656,
      0.922334361913952,
      0.9290567423639591,
      0.9062287337656492,
      0.922301956223513,
      0.9212145652776627,
      0.9231517054394752,
      0.9245559520251756,
      0.9119141321216004,
      0.9299352966380897,
      0.915057484094207,
      0.922579204908382,
      0.9235261711956619,
      0.9175707254193836,
      0.9181144208923085,
      0.9193242333353736,
      0.9214774114334477,
      0.9260322112562966,
      0.9207392818178873,
      0.9203288097389902,
      0.9279189425663147,
      0.9241922881658019,
      0.9254309056670351,
      0.9159828465878609,
      0.9219778993191204,
      0.9164689319444493,
      0.9198031174274203,
      0.9220355094354569,
      0.928268203896604,
      0.9264138782770255,
      0.9252328708921286,
      0.9255641290610632,
      0.9206420647465694,
      0.9249628234718017,
      0.9148846537451976,
      0.9263274631025209,
      0.9240662660363159,
      0.923256123775335,
      0.9171206463855053,
      0.9157272016966179,
      0.9206384641142983,
      0.9281925906189127,
      0.9307490395313417,
      0.9184780847516824
    ],
    "Cora|pi": [
      0.9190181795923364,
      0.924494741276568,
      0.9190433840182337,
      0.9195222681102801,
      0.9226836232442417,
      0.9243183102952878,
      0.9135236147467495,
      0.9173186811604117,
      0.9245127444379232,
      0.9122273871291797,
      0.9208112944633077,
      0.92285285296098,
      0.9157163997998048,
      0.9228888592836901,
      0.9228672554900642,
      0.9088733981687185,
      0.9139268855611046,
      0.9265579035678665,
      0.9225035916306903,
      0.9182152385958974,
      0.9209085115346256,
      0.9240986717267552,
      0.9144273734467772,
      0.9262770542507264,
      0.9187877391269906,
      0.9135380172758336,
      0.9275228730165016,
      0.9278505305531652,
      0.9261312286437499,
      0.9155219656571694,
      0.9172898761022434,
      0.9155255662894405,
      0.9207500837147004,
      0.9176283355357201,
      0.9247395842709979,
      0.9193170320708316,
      0.9184348771644301,
      0.9222299435780923,
      0.9230652902649705,
      0.9253408898602593,
      0.9202711996226538,
      0.9254417075638481,
      0.9276524957782586,
      0.9141429234973661,
      0.916955017301038,
      0.9140060994710671,
      0.922120124293826,
      0.9277137065268661,
      0.9256253398096705,
      0.930122529516183
    ],
    "Cora|hks": [
      0.9079822416816393,
      0.9161916832595804,
      0.9225467992179427,
      0.9086339561226952,
      0.8946166946915879,
      0.8958769159864473,
      0.9053861858142289,
      0.9053285756978926,
      0.9111399961833299,
      0.8981849212721753,
      0.914510187989011,
      0.9029377558699307,
      0.9245127444379233,
      0.9259854030367732,
      0.8911924934018414,
      0.9134011932495346,
      0.9155687738766927,
      0.9074421468409852,
      0.9214378044784665,
      0.9012742637607163,
      0.9207536843469714,
      0.9258125726877641,
      0.9150538834619361,
      0.8939829834118871,
      0.9239150394809329,
      0.9263778719543152,
      0.9187301290106543,
      0.903791105718164,
      0.9298668846249402,
      0.8938713638114854,
      0.9167857875842998,
      0.897965282703643,
      0.8918766135333364,
      0.9122885978777874,
      0.8822521234728818,
      0.8857771424662171,
      0.9213513893039618,
      0.9189677707405419,
      0.9062899445142568,
      0.880930691429415,
      0.9268387528850066,
      0.9191514029863644,
      0.9092604661378538,
      0.9151835062236928,
      0.9220463113322699,
      0.904579644185519,
      0.892359098257654,
      0.92488721019411,
      0.9192450194254111,
      0.9136640394053195
    ],
    "Chameleon|none": [
      0.9598271463075372,
      0.9679362599729907,
      0.9656944515913635,
      0.9734356114829535,
      0.9674374331706808,
      0.9658977504830754,
      0.9747988384309658,
      0.9612261810075279,
      0.9688017237152868,
      0.96446093278029,
      0.9661581797060909,
      0.96209665884805,
      0.9668697764745399,
      0.97189542232078,
      0.9636290989493286,
      0.9641665191137423,
      0.9792716672859162,
      0.9781606140254558,
      0.966730749205544,
      0.9814631320954552,
      0.9643580171480134,
      0.9828858191577854,
      0.968695212113575,
      0.9686333715687865,
      0.9648979190378117,
      0.975858180638004,
      0.9620371480862757,
      0.966254409874066,
      0.9653772465692425,
      0.9794160631853361,
      0.9654955590283955,
      0.9672831610171791,
      0.9636955990601453,
      0.9731309670301264,
      0.9677590445215457,
      0.9728872514678645,
      0.9640897882166465,
      0.9778949174669302,
      0.965293526323104,
      0.969880210661006,
      0.9685366855737,
      0.9662879891379438,
      0.9771637201326882,
      0.9674040058491734,
      0.9646943669088155,
      0.9632163728236283,
      0.9736995860279469,
      0.982706628455524,
      0.9650268168154419,
      0.9705825895923123
    ],
    "Chameleon|pi": [
      0.931922322198051,
      0.9455168593228394,
      0.9467026682295797,
      0.9494676648402519,
      0.9393434408099379,
      0.9474582269905564,
      0.9436360153660331,
      0.9419889094224934,
      0.9424248320834216,
      0.9549452379437781,
      0.9401539014141175,
      0.950860064723398,
      0.9476770746515152,
      0.9284499325578465,
      0.9341347550547175,
      0.9483520533086768,
      0.9509603973353766,
      0.9468456460002082,
      0.9487628548310176,
      0.948426657012586,
      0.9541427796377776,
      0.9327672230728744,
      0.9491060926459488,
      0.9463869826311637,
      0.9391061574746935,
      0.9446477996111087,
      0.9455460829054299,
      0.9489676731464347,
      0.9490533686433896,
      0.9499703408492808,
      0.9426897689300946,
      0.9463888565870664,
      0.9277115432847347,
      0.951409893514735,
      0.9472924578643548,
      0.9384004358112364,
      0.9316718198765743,
      0.9449970138259454,
      0.9455328132717408,
      0.9500171897468478,
      0.9382103559057567,
      0.9507599853487035,
      0.939837506751306,
      0.9400607100935519,
      0.9447910306190214,
      0.950142238317759,
      0.9386118889434981,
      0.948619573175648,
      0.9372994107472283,
      0.9449945827480175
    ],
    "Chameleon|hks": [
      0.9860869916666701,
      0.9868737999085104,
      0.9854132791959289,
      0.9873259804030808,
      0.9854314109854738,
      0.9843170149928626,
      0.9874838485260172,
      0.9870969526032995,
      0.989560141018727,
      0.9893178435852565,
      0.9837508777204268,
      0.9863373420457764,
      0.9877312107051707,
      0.9875503486368339,
      0.9892008986074381,
      0.9864605166607848,
      0.9844828347665213,
      0.9869424778599707,
      0.9882710619475124,
      0.9860247459422269,
      0.9874293012150123,
      0.9890485004098392,
      0.9884394140940123,
      0.9860761024634517,
      0.988960221892586,
      0.9887184815811406,
      0.9872196713911965,
      0.9885319976450959,
      0.9880396030698032,
      0.987846079137259,
      0.9856170845622094,
      0.9861749662991822,
      0.9843766270495506,
      0.987193790540757,
      0.9857173158792742,
      0.9884451879040907,
      0.9865427681306753,
      0.9887843232750185,
      0.9860913979954142,
      0.9867744295982117,
      0.9867185654533291,
      0.9897904350049289,
      0.9865708268217586,
      0.9851009363296639,
      0.9869381728261403,
      0.9876135060154998,
      0.9856083225521779,
      0.9866783007251501,
      0.983753511388182,
      0.9881059512382493
    ]
  },